id	display_name	category	method	identifier	executables	homepage	source_repository	license	needs_root	network_service	requires_docker	gui	update_method	verification_command	profile	notes_or_conflicts
nmap	Nmap	network	apt	nmap	nmap	https://nmap.org	https://github.com/nmap/nmap	NPSL	true	false	false	false	apt	nmap --version	core	Raw packet modes need root
netcat-openbsd	Netcat OpenBSD	network	apt	netcat-openbsd	nc	https://packages.debian.org/trixie/netcat-openbsd	https://salsa.debian.org/debian/netcat-openbsd	BSD	false	optional	false	false	apt	nc -h	core	Never starts a listener automatically
socat	Socat	network	apt	socat	socat	http://www.dest-unreach.org/socat	https://repo.or.cz/socat.git	GPL-2.0	false	optional	false	false	apt	socat -V	core	Can create listeners when explicitly invoked
tcpdump	tcpdump	network	apt	tcpdump	tcpdump	https://www.tcpdump.org	https://github.com/the-tcpdump-group/tcpdump	BSD-3-Clause	true	false	false	false	apt	tcpdump --version	core	Capture privileges are not granted globally
tshark	TShark	network	apt	tshark	tshark	https://www.wireshark.org	https://gitlab.com/wireshark/wireshark	GPL-2.0+	true	false	false	false	apt	tshark --version	core	Limited capture group is explicit opt-in
traceroute	traceroute	network	apt	traceroute	traceroute	https://traceroute.sourceforge.net	https://sourceforge.net/projects/traceroute	GPL-2.0+	false	false	false	false	apt	traceroute --version	core	-
mtr	MTR	network	apt	mtr-tiny	mtr	https://www.bitwizard.nl/mtr	https://github.com/traviscross/mtr	GPL-2.0	false	false	false	false	apt	mtr --version	core	CLI-only package
dnsutils	BIND DNS utilities	network	apt	bind9-dnsutils	dig,nslookup	https://www.isc.org/bind	https://gitlab.isc.org/isc-projects/bind9	MPL-2.0	false	false	false	false	apt	dig -v	core	Trixie package name is bind9-dnsutils
curl	curl	base	apt	curl	curl	https://curl.se	https://github.com/curl/curl	curl	false	false	false	false	apt	curl --version	core	Foundation dependency
wget	Wget	base	apt	wget	wget	https://www.gnu.org/software/wget	https://git.savannah.gnu.org/git/wget.git	GPL-3.0+	false	false	false	false	apt	wget --version	core	Foundation dependency
git	Git	base	apt	git	git	https://git-scm.com	https://github.com/git/git	GPL-2.0	false	false	false	false	apt	git --version	core	Managed repositories use fast-forward-only updates
jq	jq	base	apt	jq	jq	https://jqlang.org	https://github.com/jqlang/jq	MIT	false	false	false	false	apt	jq --version	core	Foundation dependency
sqlmap	sqlmap	web	pipx	sqlmap	sqlmap	https://sqlmap.org	https://github.com/sqlmapproject/sqlmap	GPL-2.0	false	false	false	false	pipx	root=false;sqlmap --version	core	Use only against authorized targets
ffuf	ffuf	web	go	ffuf	ffuf	https://github.com/ffuf/ffuf	https://github.com/ffuf/ffuf	MIT	false	false	false	false	go	ffuf -V	core	Pinned Go module
gobuster	Gobuster	web	go	gobuster	gobuster	https://github.com/OJ/gobuster	https://github.com/OJ/gobuster	Apache-2.0	false	false	false	false	go	gobuster version	core	Pinned Go module
nikto	Nikto	web	manual	nikto	nikto	https://cirt.net/Nikto2	https://github.com/sullo/nikto	GPL-2.0	false	false	false	false	manual	nikto -Version	full	Not packaged in Trixie; reviewed source installation is manual
dirb	DIRB	web	apt	dirb	dirb	https://dirb.sourceforge.net	https://sourceforge.net/projects/dirb	GPL-2.0	false	false	false	false	apt	dirb	core	No automatic scanning
whatweb	WhatWeb	web	apt	whatweb	whatweb	https://morningstarsecurity.com/research/whatweb	https://github.com/urbanadventurer/WhatWeb	GPL-2.0	false	false	false	false	apt	whatweb --version	core	-
sslscan	SSLScan	web	apt	sslscan	sslscan	https://github.com/rbsec/sslscan	https://github.com/rbsec/sslscan	GPL-3.0	false	false	false	false	apt	sslscan --version	core	-
smbclient	Samba client	ad	apt	smbclient	smbclient	https://www.samba.org	https://git.samba.org/samba.git	GPL-3.0+	false	false	false	false	apt	smbclient --version	core	-
john	John the Ripper	passwords	apt	john	john	https://www.openwall.com/john	https://github.com/openwall/john	GPL-2.0+	false	false	false	false	apt	john --list=build-info	core	Debian build; jumbo features may differ
hashcat	Hashcat	passwords	apt	hashcat	hashcat	https://hashcat.net/hashcat	https://github.com/hashcat/hashcat	MIT	false	false	false	false	apt	hashcat --version	core	GPU drivers are not installed automatically
hydra	THC Hydra	passwords	apt	hydra	hydra	https://github.com/vanhauser-thc/thc-hydra	https://github.com/vanhauser-thc/thc-hydra	AGPL-3.0	false	false	false	false	apt	hydra -h	core	-
gdb	GDB	exploitation	apt	gdb	gdb	https://www.gnu.org/software/gdb	https://sourceware.org/git/binutils-gdb.git	GPL-3.0+	false	false	false	false	apt	gdb --version	core	Plugins are separate opt-ins
checksec	checksec	exploitation	apt	checksec	checksec	https://github.com/slimm609/checksec.sh	https://github.com/slimm609/checksec.sh	BSD-3-Clause	false	false	false	false	apt	checksec --version	core	-
binutils	GNU Binutils	reverse-engineering	apt	binutils	strings,objdump,readelf	https://www.gnu.org/software/binutils	https://sourceware.org/git/binutils-gdb.git	GPL-3.0+	false	false	false	false	apt	strings --version	core	Standard binary utilities
masscan	MASSCAN	network	apt	masscan	masscan	https://github.com/robertdavidgraham/masscan	https://github.com/robertdavidgraham/masscan	AGPL-3.0	true	false	false	false	apt	masscan --version	standard	High-rate scanning requires explicit operator care
rustscan	RustScan	network	cargo	rustscan	rustscan	https://github.com/RustScan/RustScan	https://github.com/RustScan/RustScan	GPL-3.0	false	false	false	false	cargo	rustscan --version	standard	Pinned Cargo crate
naabu	Naabu	network	go	naabu	naabu	https://projectdiscovery.io	https://github.com/projectdiscovery/naabu	MIT	true	false	false	false	go	naabu -version	standard	Raw scan modes need root
wireshark	Wireshark	network	apt	wireshark	wireshark	https://www.wireshark.org	https://gitlab.com/wireshark/wireshark	GPL-2.0+	true	false	false	true	apt	wireshark --version	standard	GUI; capture group remains opt-in
arp-scan	arp-scan	network	apt	arp-scan	arp-scan	https://github.com/royhills/arp-scan	https://github.com/royhills/arp-scan	GPL-3.0	true	false	false	false	apt	arp-scan --version	standard	Local-link discovery only when invoked
netdiscover	Netdiscover	network	apt	netdiscover	netdiscover	https://github.com/netdiscover-scanner/netdiscover	https://github.com/netdiscover-scanner/netdiscover	GPL-3.0	true	false	false	false	apt	netdiscover -h	standard	-
hping3	hping3	network	apt	hping3	hping3	https://github.com/antirez/hping	https://github.com/antirez/hping	GPL-2.0	true	false	false	false	apt	hping3 --version	standard	Raw packets require root
scapy	Scapy	network	pipx	scapy	scapy	https://scapy.net	https://github.com/secdev/scapy	GPL-2.0	true	false	false	false	pipx	scapy --version	standard	Some operations require root
mitmproxy	mitmproxy	network	pipx	mitmproxy	mitmproxy	https://mitmproxy.org	https://github.com/mitmproxy/mitmproxy	MIT	false	optional	false	false	pipx	mitmproxy --version	standard	Never started automatically
macchanger	MAC Changer	network	apt	macchanger	macchanger	https://github.com/alobbs/macchanger	https://github.com/alobbs/macchanger	GPL-2.0	true	false	false	false	apt	macchanger --version	standard	Never changes interfaces during install
whois	whois	network	apt	whois	whois	https://github.com/rfc1036/whois	https://github.com/rfc1036/whois	GPL-2.0+	false	false	false	false	apt	whois --version	full	-
iperf3	iPerf3	network	apt	iperf3	iperf3	https://software.es.net/iperf	https://github.com/esnet/iperf	BSD-3-Clause	false	optional	false	false	apt	iperf3 --version	full	Server mode is never started automatically
ike-scan	ike-scan	network	apt	ike-scan	ike-scan	https://github.com/royhills/ike-scan	https://github.com/royhills/ike-scan	GPL-3.0	true	false	false	false	apt	ike-scan --version	full	-
snmp	Net-SNMP tools	network	apt	snmp	snmpwalk	http://www.net-snmp.org	https://github.com/net-snmp/net-snmp	BSD	false	false	false	false	apt	snmpwalk --version	full	Client tools only
bettercap	bettercap	network	apt	bettercap	bettercap	https://www.bettercap.org	https://github.com/bettercap/bettercap	GPL-3.0	true	optional	false	false	apt	bettercap -version	standard	Trixie package; no service or caplet starts automatically
nuclei	Nuclei	web	go	nuclei	nuclei	https://nuclei.projectdiscovery.io	https://github.com/projectdiscovery/nuclei	MIT	false	false	false	false	go	nuclei -version	standard	Templates update separately and are not auto-executed
httpx	HTTPx	web	go	httpx	httpx	https://github.com/projectdiscovery/httpx	https://github.com/projectdiscovery/httpx	MIT	false	false	false	false	go	httpx -version	standard	ProjectDiscovery tool; not Python httpx
katana	Katana	web	go	katana	katana	https://github.com/projectdiscovery/katana	https://github.com/projectdiscovery/katana	MIT	false	false	false	false	go	katana -version	standard	-
feroxbuster	Feroxbuster	web	cargo	feroxbuster	feroxbuster	https://epi052.github.io/feroxbuster-docs	https://github.com/epi052/feroxbuster	MIT	false	false	false	false	cargo	feroxbuster --version	standard	Pinned Cargo crate
dirsearch	dirsearch	web	pipx	dirsearch	dirsearch	https://github.com/maurosoria/dirsearch	https://github.com/maurosoria/dirsearch	GPL-2.0	false	false	false	false	pipx	dirsearch --version	standard	-
gau	GetAllUrls	web	go	gau	gau	https://github.com/lc/gau	https://github.com/lc/gau	MIT	false	false	false	false	go	gau --version	standard	Uses public archive APIs when invoked
waybackurls	waybackurls	web	go	waybackurls	waybackurls	https://github.com/tomnomnom/waybackurls	https://github.com/tomnomnom/waybackurls	MIT	false	false	false	false	go	waybackurls --help	standard	-
arjun	Arjun	web	pipx	arjun	arjun	https://github.com/s0md3v/Arjun	https://github.com/s0md3v/Arjun	AGPL-3.0	false	false	false	false	pipx	arjun --help	standard	-
dalfox	Dalfox	web	go	dalfox	dalfox	https://dalfox.hahwul.com	https://github.com/hahwul/dalfox	MIT	false	optional	false	false	go	dalfox version	standard	Blind mode may use callback service only when requested
wafw00f	WAFW00F	web	pipx	wafw00f	wafw00f	https://github.com/EnableSecurity/wafw00f	https://github.com/EnableSecurity/wafw00f	BSD-3-Clause	false	false	false	false	pipx	wafw00f --version	standard	-
testssl	TestSSL.sh	web	apt	testssl.sh	testssl.sh	https://testssl.sh	https://github.com/testssl/testssl.sh	GPL-2.0	false	false	false	false	apt	testssl.sh --version	standard	Debian package preferred; manual fallback documented
sslyze	SSLyze	web	pipx	sslyze	sslyze	https://github.com/nabla-c0d3/sslyze	https://github.com/nabla-c0d3/sslyze	AGPL-3.0	false	false	false	false	pipx	sslyze --version	standard	-
commix	Commix	web	pipx	commix	commix	https://commixproject.com	https://github.com/commixproject/commix	GPL-3.0	false	false	false	false	pipx	commix --version	full	-
interactsh-client	Interactsh client	web	go	interactsh-client	interactsh-client	https://github.com/projectdiscovery/interactsh	https://github.com/projectdiscovery/interactsh	MIT	false	optional	false	false	go	interactsh-client -version	standard	No local listener starts automatically
amass	OWASP Amass	web	manual	amass	amass	https://owasp.org/www-project-amass	https://github.com/owasp-amass/amass	Apache-2.0	false	false	false	false	manual	amass -version	standard	Not packaged in Trixie; manual until a pinned v4 build is supported
subfinder	Subfinder	web	go	subfinder	subfinder	https://github.com/projectdiscovery/subfinder	https://github.com/projectdiscovery/subfinder	MIT	false	false	false	false	go	subfinder -version	standard	API keys are never requested during install
assetfinder	Assetfinder	web	go	assetfinder	assetfinder	https://github.com/tomnomnom/assetfinder	https://github.com/tomnomnom/assetfinder	MIT	false	false	false	false	go	assetfinder -h	standard	-
dnsx	DNSx	web	go	dnsx	dnsx	https://github.com/projectdiscovery/dnsx	https://github.com/projectdiscovery/dnsx	MIT	false	false	false	false	go	dnsx -version	standard	-
shuffledns	ShuffleDNS	web	go	shuffledns	shuffledns	https://github.com/projectdiscovery/shuffledns	https://github.com/projectdiscovery/shuffledns	MIT	false	false	false	false	go	shuffledns -version	full	Requires massdns for full functionality
dnsrecon	DNSRecon	web	apt	dnsrecon	dnsrecon	https://github.com/darkoperator/dnsrecon	https://github.com/darkoperator/dnsrecon	GPL-2.0	false	false	false	false	apt	dnsrecon --version	standard	-
dnsenum	dnsenum	web	apt	dnsenum	dnsenum	https://github.com/fwaeytens/dnsenum	https://github.com/fwaeytens/dnsenum	GPL-2.0	false	false	false	false	apt	dnsenum --version	standard	-
fierce	Fierce	web	apt	fierce	fierce	https://github.com/mschwager/fierce	https://github.com/mschwager/fierce	GPL-3.0	false	false	false	false	apt	fierce --version	full	-
burpsuite	Burp Suite Community	web	manual	burpsuite	burpsuite	https://portswigger.net/burp/communitydownload	-	Proprietary	false	optional	false	true	vendor	burpsuite	optional	Official download only; license acceptance required
owasp-zap	OWASP ZAP	web	manual	owasp-zap	zap.sh	https://www.zaproxy.org	https://github.com/zaproxy/zaproxy	Apache-2.0	false	optional	false	true	manual	zap.sh -version	optional	Large GUI application
tplmap	Tplmap	web	manual	tplmap	tplmap	https://github.com/epinna/tplmap	https://github.com/epinna/tplmap	GPL-3.0	false	false	false	false	manual	manual	optional	Upstream maintenance status is insufficient for automatic install
jwt-tool	jwt_tool	web	manual	jwt_tool	jwt_tool	https://github.com/ticarpi/jwt_tool	https://github.com/ticarpi/jwt_tool	GPL-3.0	false	optional	false	false	manual	jwt_tool -h	full	Source install requires review
impacket	Impacket	ad	apt	python3-impacket	impacket-smbserver,impacket-secretsdump	https://www.secureauth.com/labs/open-source-tools/impacket	https://github.com/fortra/impacket	Apache-2.0	false	optional	false	false	apt	python3 -c 'import impacket'	standard	Debian package provides prefixed executables
bloodhound-python	BloodHound Python collector	ad	pipx	bloodhound-python	bloodhound-python	https://github.com/dirkjanm/BloodHound.py	https://github.com/dirkjanm/BloodHound.py	MIT	false	false	false	false	pipx	bloodhound-python --help	standard	Collector only; no automatic collection
netexec	NetExec	ad	pipx	netexec	nxc	https://www.netexec.wiki	https://github.com/Pennyw0rth/NetExec	BSD-2-Clause	false	optional	false	false	pipx	nxc --version	standard	-
certipy-ad	Certipy	ad	pipx	certipy-ad	certipy	https://github.com/ly4k/Certipy	https://github.com/ly4k/Certipy	MIT	false	false	false	false	pipx	certipy --version	standard	PyPI project is certipy-ad
coercer	Coercer	ad	pipx	coercer	Coercer	https://github.com/p0dalirius/Coercer	https://github.com/p0dalirius/Coercer	GPL-3.0	false	optional	false	false	pipx	Coercer --help	standard	-
bloodyad	BloodyAD	ad	pipx	bloodyad	bloodyAD	https://github.com/CravateRouge/bloodyAD	https://github.com/CravateRouge/bloodyAD	MIT	false	false	false	false	pipx	bloodyAD --help	standard	-
enum4linux-ng	enum4linux-ng	ad	pipx	enum4linux-ng	enum4linux-ng	https://github.com/cddmp/enum4linux-ng	https://github.com/cddmp/enum4linux-ng	GPL-3.0	false	false	false	false	pipx	enum4linux-ng --version	standard	-
rpcclient	rpcclient	ad	apt	samba-common-bin	rpcclient	https://www.samba.org	https://git.samba.org/samba.git	GPL-3.0+	false	false	false	false	apt	rpcclient --version	standard	Shares package with other Samba utilities
ldapsearch	OpenLDAP client	ad	apt	ldap-utils	ldapsearch	https://www.openldap.org	https://git.openldap.org/openldap/openldap	OpenLDAP	false	false	false	false	apt	ldapsearch -VV	standard	Client tools only
kerbrute	Kerbrute	ad	go	kerbrute	kerbrute	https://github.com/ropnop/kerbrute	https://github.com/ropnop/kerbrute	Apache-2.0	false	false	false	false	go	kerbrute -h	standard	-
responder	Responder	ad	manual	responder	Responder.py	https://github.com/lgandx/Responder	https://github.com/lgandx/Responder	GPL-3.0	true	optional	false	false	manual	manual	full	Listener-capable; reviewed source installation only
ldapdomaindump	ldapdomaindump	ad	pipx	ldapdomaindump	ldapdomaindump	https://github.com/dirkjanm/ldapdomaindump	https://github.com/dirkjanm/ldapdomaindump	MIT	false	false	false	false	pipx	ldapdomaindump --help	full	-
smbmap	SMBMap	ad	pipx	smbmap	smbmap	https://github.com/ShawnDEvans/smbmap	https://github.com/ShawnDEvans/smbmap	GPL-3.0	false	false	false	false	pipx	smbmap --version	full	-
bloodhound-ce	BloodHound Community Edition	ad	docker	bloodhound	bloodhound	https://bloodhound.specterops.io	https://github.com/SpecterOps/BloodHound	Apache-2.0	true	true	true	true	docker-compose	offsec-bloodhound status	optional	Localhost-only; installed but never started by default
evil-winrm	Evil-WinRM	ad	manual	evil-winrm	evil-winrm	https://github.com/Hackplayers/evil-winrm	https://github.com/Hackplayers/evil-winrm	LGPL-3.0	false	false	false	false	manual	evil-winrm --version	full	Ruby dependency churn requires operator-managed installation
inveigh	Inveigh	ad	manual	inveigh	Inveigh.ps1	https://github.com/Kevin-Robertson/Inveigh	https://github.com/Kevin-Robertson/Inveigh	BSD-3-Clause	false	optional	false	false	manual	manual	optional	Windows resource only; never executed on host
pkinittools	PKINITtools	ad	manual	pkinittools	gettgtpkinit.py	https://github.com/dirkjanm/PKINITtools	https://github.com/dirkjanm/PKINITtools	MIT	false	false	false	false	manual	manual	full	Research scripts; explicit manual review
targetedkerberoast	targetedKerberoast	ad	manual	targetedkerberoast	targetedKerberoast.py	https://github.com/ShutdownRepo/targetedKerberoast	https://github.com/ShutdownRepo/targetedKerberoast	MIT	false	false	false	false	manual	manual	full	Research script; explicit manual review
windapsearch	windapsearch	ad	manual	windapsearch	windapsearch.py	https://github.com/ropnop/windapsearch	https://github.com/ropnop/windapsearch	MIT	false	false	false	false	manual	manual	full	Source script; explicit manual review
medusa	Medusa	passwords	apt	medusa	medusa	http://foofus.net/goons/jmk/medusa/medusa.html	https://github.com/jmk-foofus/medusa	GPL-2.0	false	false	false	false	apt	medusa -V	standard	-
ncrack	Ncrack	passwords	apt	ncrack	ncrack	https://nmap.org/ncrack	https://github.com/nmap/ncrack	GPL-2.0	false	false	false	false	apt	ncrack --version	standard	-
hashid	hashID	passwords	apt	hashid	hashid	https://github.com/psypanda/hashID	https://github.com/psypanda/hashID	GPL-3.0	false	false	false	false	apt	hashid --help	standard	-
hash-identifier	Hash Identifier	passwords	manual	hash-identifier	hash-identifier	https://www.kali.org/tools/hash-identifier	https://gitlab.com/kalilinux/packages/hash-identifier	GPL-3.0	false	false	false	false	manual	hash-identifier --help	full	Not packaged in Debian 13; no Kali package is imported
crunch	Crunch	passwords	apt	crunch	crunch	https://sourceforge.net/projects/crunch-wordlist	https://sourceforge.net/projects/crunch-wordlist	GPL-2.0	false	false	false	false	apt	crunch -h	standard	Generated lists can consume substantial disk
cewl	CeWL	passwords	apt	cewl	cewl	https://digi.ninja/projects/cewl.php	https://github.com/digininja/CeWL	GPL-3.0	false	false	false	false	apt	cewl --version	standard	-
rsmangler	RSMangler	passwords	manual	rsmangler	rsmangler	https://digi.ninja/projects/rsmangler.php	https://github.com/digininja/RSMangler	GPL-3.0	false	false	false	false	manual	rsmangler --help	standard	Not packaged in Trixie; manual source review required
hashcat-utils	Hashcat Utils	passwords	manual	hashcat-utils	cap2hccapx	https://hashcat.net/wiki/doku.php?id=hashcat_utils	https://github.com/hashcat/hashcat-utils	MIT	false	false	false	false	manual	cap2hccapx --help	full	Not packaged in Trixie; manual source build only
fcrackzip	fcrackzip	passwords	apt	fcrackzip	fcrackzip	https://oldhome.schmorp.de/marc/fcrackzip.html	https://github.com/hyc/fcrackzip	GPL-2.0	false	false	false	false	apt	fcrackzip --version	full	-
pdfcrack	PDFCrack	passwords	apt	pdfcrack	pdfcrack	https://pdfcrack.sourceforge.net	https://gitlab.com/pdfcrack/pdfcrack	GPL-2.0	false	false	false	false	apt	pdfcrack --version	full	-
rarcrack	RarCrack	passwords	apt	rarcrack	rarcrack	https://github.com/ziman/rarcrack	https://github.com/ziman/rarcrack	GPL-2.0	false	false	false	false	apt	rarcrack --help	full	Installed only if present in configured Debian repositories
ophcrack	Ophcrack	passwords	apt	ophcrack	ophcrack	https://ophcrack.sourceforge.io	https://sourceforge.net/projects/ophcrack	GPL-2.0	false	false	false	true	apt	ophcrack -h	full	Tables are not downloaded automatically
metasploit	Metasploit Framework	exploitation	manual	metasploit	msfconsole	https://www.metasploit.com	https://github.com/rapid7/metasploit-framework	BSD-3-Clause	false	optional	false	false	vendor	msfconsole --version	optional	Official Rapid7 installer only; database not initialized automatically
searchsploit	Exploit-DB SearchSploit	exploitation	manual	searchsploit	searchsploit	https://www.exploit-db.com/searchsploit	https://gitlab.com/exploit-database/exploitdb	ExploitDB	false	false	false	false	git	searchsploit -h	full	Distribution license applies; controlled clone only
pwntools	pwntools	exploitation	pipx	pwntools	pwn	https://pwntools.com	https://github.com/Gallopsled/pwntools	MIT	false	optional	false	false	pipx	pwn version	standard	-
ropper	Ropper	exploitation	pipx	ropper	ropper	https://scoding.de/ropper	https://github.com/sashs/Ropper	BSD-3-Clause	false	false	false	false	pipx	ropper --version	standard	-
ropgadget	ROPgadget	exploitation	pipx	ropgadget	ROPgadget	https://shell-storm.org/project/ROPgadget	https://github.com/JonathanSalwan/ROPgadget	BSD-3-Clause	false	false	false	false	pipx	ROPgadget --version	standard	-
one-gadget	one_gadget	exploitation	manual	one-gadget	one_gadget	https://github.com/david942j/one_gadget	https://github.com/david942j/one_gadget	MIT	false	false	false	false	gem	one_gadget --version	full	Ruby gem installation is explicit
gef	GEF	exploitation	manual	gef	gef	https://hugsy.github.io/gef	https://github.com/hugsy/gef	MIT	false	false	false	false	git	manual	optional	Mutates GDB user config; explicit choice only
pwndbg	pwndbg	exploitation	manual	pwndbg	pwndbg	https://pwndbg.re	https://github.com/pwndbg/pwndbg	MIT	false	false	false	false	git	manual	optional	Alternative to GEF; never install both automatically
radare2	radare2	exploitation	manual	radare2	r2	https://rada.re/n	https://github.com/radareorg/radare2	LGPL-3.0	false	false	false	false	manual	r2 -v	full	Manual due Debian package availability and source churn
rizin	Rizin	exploitation	manual	rizin	rizin	https://rizin.re	https://github.com/rizinorg/rizin	LGPL-3.0	false	false	false	false	manual	rizin -v	optional	Alternative to radare2
binwalk	Binwalk	exploitation	apt	binwalk	binwalk	https://github.com/ReFirmLabs/binwalk	https://github.com/ReFirmLabs/binwalk	MIT	false	false	false	false	apt	binwalk --help	standard	Debian package version may lag upstream
patchelf	patchelf	exploitation	apt	patchelf	patchelf	https://github.com/NixOS/patchelf	https://github.com/NixOS/patchelf	GPL-3.0	false	false	false	false	apt	patchelf --version	standard	-
strace	strace	exploitation	apt	strace	strace	https://strace.io	https://github.com/strace/strace	LGPL-2.1+	false	false	false	false	apt	strace --version	standard	Attaching to other users requires privileges
ltrace	ltrace	exploitation	apt	ltrace	ltrace	https://www.ltrace.org	https://gitlab.com/cespedes/ltrace	GPL-2.0	false	false	false	false	apt	ltrace --version	standard	-
ghidra	Ghidra	reverse-engineering	manual	ghidra	ghidraRun	https://ghidra-sre.org	https://github.com/NationalSecurityAgency/ghidra	Apache-2.0	false	false	false	true	manual	ghidraRun	optional	Large official archive; checksum and license review required
jadx	JADX	reverse-engineering	manual	jadx	jadx,jadx-gui	https://github.com/skylot/jadx	https://github.com/skylot/jadx	Apache-2.0	false	false	false	true	manual	jadx --version	full	Verified upstream archive only
apktool	Apktool	reverse-engineering	apt	apktool	apktool	https://apktool.org	https://github.com/iBotPeaches/Apktool	Apache-2.0	false	false	false	false	apt	apktool --version	standard	-
adb	Android Debug Bridge	reverse-engineering	apt	adb	adb	https://developer.android.com/tools/adb	https://android.googlesource.com/platform/packages/modules/adb	Apache-2.0	false	optional	false	false	apt	adb version	standard	Server starts only when operator invokes adb
fastboot	Fastboot	reverse-engineering	apt	fastboot	fastboot	https://developer.android.com/tools/releases/platform-tools	https://android.googlesource.com/platform/system/core	Apache-2.0	true	false	false	false	apt	fastboot --version	full	USB permissions may need explicit configuration
smali	Smali Baksmali	reverse-engineering	apt	libsmali-java	smali,baksmali	https://github.com/JesusFreke/smali	https://github.com/JesusFreke/smali	BSD-3-Clause	false	false	false	false	apt	smali --version	full	Debian package may expose JARs rather than wrappers
frida-tools	Frida Tools	reverse-engineering	pipx	frida-tools	frida	https://frida.re	https://github.com/frida/frida-tools	wxWindows	false	optional	false	false	pipx	frida --version	standard	Target-side server is not installed
objection	Objection	reverse-engineering	pipx	objection	objection	https://github.com/sensepost/objection	https://github.com/sensepost/objection	GPL-3.0	false	false	false	false	pipx	objection version	standard	-
cutter	Cutter	reverse-engineering	manual	cutter	cutter	https://cutter.re	https://github.com/rizinorg/cutter	GPL-3.0	false	false	false	true	manual	cutter --version	optional	Large GUI and Rizin version coupling
gdb-multiarch	GDB multiarch	reverse-engineering	apt	gdb-multiarch	gdb-multiarch	https://www.gnu.org/software/gdb	https://sourceware.org/git/binutils-gdb.git	GPL-3.0+	false	false	false	false	apt	gdb-multiarch --version	standard	-
binutils-multiarch	Binutils multiarch	reverse-engineering	apt	binutils-multiarch	objdump	https://www.gnu.org/software/binutils	https://sourceware.org/git/binutils-gdb.git	GPL-3.0+	false	false	false	false	apt	dpkg -s binutils-multiarch	full	Overlays selected binutils alternatives
qemu-user	QEMU user emulation	reverse-engineering	apt	qemu-user	qemu-x86_64	https://www.qemu.org	https://gitlab.com/qemu-project/qemu	GPL-2.0	false	false	false	false	apt	qemu-x86_64 --version	full	-
qemu-user-static	QEMU static user emulation	reverse-engineering	apt	qemu-user-static	qemu-aarch64-static	https://www.qemu.org	https://gitlab.com/qemu-project/qemu	GPL-2.0	true	false	false	false	apt	qemu-aarch64-static --version	full	May register binfmt handlers via package configuration
exiftool	ExifTool	reverse-engineering	apt	libimage-exiftool-perl	exiftool	https://exiftool.org	https://github.com/exiftool/exiftool	Artistic-1.0	false	false	false	false	apt	exiftool -ver	standard	-
sleuthkit	The Sleuth Kit	forensics	apt	sleuthkit	fls	https://www.sleuthkit.org/sleuthkit	https://github.com/sleuthkit/sleuthkit	CPL-1.0	false	false	false	false	apt	fls -V	standard	-
autopsy	Autopsy 2	forensics	apt	autopsy	autopsy	https://www.sleuthkit.org/autopsy	https://salsa.debian.org/debian/autopsy	GPL-2.0	false	optional	false	true	apt	dpkg -s autopsy	full	Debian package is legacy Autopsy 2
volatility3	Volatility 3	forensics	pipx	volatility3	vol	https://volatilityfoundation.org	https://github.com/volatilityfoundation/volatility3	VSL-1.0	false	false	false	false	pipx	vol --help	standard	Symbols download only when operator requests analysis
yara	YARA	forensics	apt	yara	yara	https://virustotal.github.io/yara	https://github.com/VirusTotal/yara	BSD-3-Clause	false	false	false	false	apt	yara --version	standard	-
yara-x	YARA-X	forensics	manual	yara-x	yrx	https://virustotal.github.io/yara-x	https://github.com/VirusTotal/yara-x	BSD-3-Clause	false	false	false	false	manual	yrx --version	optional	Optional while upstream stabilizes
bulk-extractor	Bulk Extractor	forensics	manual	bulk-extractor	bulk_extractor	https://github.com/simsong/bulk_extractor	https://github.com/simsong/bulk_extractor	MIT	false	false	false	false	manual	bulk_extractor -V	full	Not packaged in Trixie; manual source build only
foremost	Foremost	forensics	apt	foremost	foremost	https://foremost.sourceforge.net	https://github.com/korczis/foremost	Public-domain	false	false	false	false	apt	foremost -V	standard	-
scalpel	Scalpel	forensics	apt	scalpel	scalpel	https://github.com/sleuthkit/scalpel	https://github.com/sleuthkit/scalpel	Apache-2.0	false	false	false	false	apt	scalpel -V	full	-
testdisk	TestDisk and PhotoRec	forensics	apt	testdisk	testdisk,photorec	https://www.cgsecurity.org	https://git.cgsecurity.org/cgit/testdisk	GPL-2.0+	false	false	false	false	apt	testdisk /version	standard	Interactive disk tools
sqlite3	SQLite CLI	forensics	apt	sqlite3	sqlite3	https://sqlite.org	https://github.com/sqlite/sqlite	Public-domain	false	false	false	false	apt	sqlite3 --version	standard	-
plaso	Plaso log2timeline	forensics	apt	plaso	log2timeline.py	https://plaso.readthedocs.io	https://github.com/log2timeline/plaso	Apache-2.0	false	false	false	false	apt	log2timeline.py --version	full	Large dependency set
chainsaw	Chainsaw	forensics	manual	chainsaw	chainsaw	https://github.com/WithSecureLabs/chainsaw	https://github.com/WithSecureLabs/chainsaw	GPL-3.0	false	false	false	false	manual	chainsaw --version	full	Verified upstream binary required
hayabusa	Hayabusa	forensics	manual	hayabusa	hayabusa	https://github.com/Yamato-Security/hayabusa	https://github.com/Yamato-Security/hayabusa	AGPL-3.0	false	false	false	false	manual	hayabusa --version	full	Verified upstream binary required
oletools	oletools	forensics	pipx	oletools	olevba	https://www.decalage.info/python/oletools	https://github.com/decalage2/oletools	BSD-2-Clause	false	false	false	false	pipx	olevba --version	standard	Includes pdfid.py and office analyzers
pefile	pefile	forensics	apt	python3-pefile	pefile	https://github.com/erocarrera/pefile	https://github.com/erocarrera/pefile	MIT	false	false	false	false	apt	python3 -c 'import pefile'	full	Python library; command availability can vary
flare-capa	FLARE capa	forensics	pipx	flare-capa	capa	https://mandiant.github.io/capa	https://github.com/mandiant/capa	Apache-2.0	false	false	false	false	pipx	capa --version	standard	Rules are bundled by upstream
awscli	AWS CLI	cloud	apt	awscli	aws	https://aws.amazon.com/cli	https://github.com/aws/aws-cli	Apache-2.0	false	false	false	false	apt	aws --version	standard	Credentials are never requested during install
azure-cli	Azure CLI	cloud	manual	azure-cli	az	https://learn.microsoft.com/cli/azure	https://github.com/Azure/azure-cli	MIT	true	false	false	false	vendor	az version	optional	Optional Microsoft repository; explicit trust decision
google-cloud-cli	Google Cloud CLI	cloud	manual	google-cloud-cli	gcloud	https://cloud.google.com/sdk	https://github.com/twistedpair/google-cloud-sdk	Apache-2.0	true	false	false	false	vendor	gcloud version	optional	Optional Google repository; explicit trust decision
kubectl	kubectl	cloud	manual	kubectl	kubectl	https://kubernetes.io/docs/reference/kubectl	https://github.com/kubernetes/kubernetes	Apache-2.0	false	false	false	false	manual	kubectl version --client	full	Use official checksum-verified binary
helm	Helm	cloud	manual	helm	helm	https://helm.sh	https://github.com/helm/helm	Apache-2.0	false	false	false	false	manual	helm version	full	Use official checksum-verified binary
k9s	K9s	cloud	manual	k9s	k9s	https://k9scli.io	https://github.com/derailed/k9s	Apache-2.0	false	false	false	false	manual	k9s version	full	Use verified release archive
trivy	Trivy	cloud	manual	trivy	trivy	https://trivy.dev	https://github.com/aquasecurity/trivy	Apache-2.0	false	false	false	false	manual	trivy --version	full	Official signed repository or checksummed binary
grype	Grype	cloud	manual	grype	grype	https://github.com/anchore/grype	https://github.com/anchore/grype	Apache-2.0	false	false	false	false	manual	grype version	full	Verified release required
syft	Syft	cloud	manual	syft	syft	https://github.com/anchore/syft	https://github.com/anchore/syft	Apache-2.0	false	false	false	false	manual	syft version	full	Verified release required
cosign	Cosign	cloud	manual	cosign	cosign	https://docs.sigstore.dev/cosign	https://github.com/sigstore/cosign	Apache-2.0	false	false	false	false	manual	cosign version	full	Verify using Sigstore release procedures
kubescape	Kubescape	cloud	manual	kubescape	kubescape	https://kubescape.io	https://github.com/kubescape/kubescape	Apache-2.0	false	false	false	false	manual	kubescape version	full	Verified release required
kube-bench	kube-bench	cloud	manual	kube-bench	kube-bench	https://aquasecurity.github.io/kube-bench	https://github.com/aquasecurity/kube-bench	Apache-2.0	true	false	false	false	manual	kube-bench version	full	Host access depends on audit scope
kube-hunter	kube-hunter	cloud	pipx	kube-hunter	kube-hunter	https://aquasecurity.github.io/kube-hunter	https://github.com/aquasecurity/kube-hunter	Apache-2.0	false	false	false	false	pipx	kube-hunter --version	full	Never scans automatically
scoutsuite	ScoutSuite	cloud	pipx	scoutsuite	scout	https://github.com/nccgroup/ScoutSuite	https://github.com/nccgroup/ScoutSuite	GPL-2.0	false	false	false	false	pipx	scout --version	standard	Credentials are operator-supplied at runtime
prowler	Prowler	cloud	manual	prowler	prowler	https://prowler.com	https://github.com/prowler-cloud/prowler	Apache-2.0	false	false	false	false	manual	prowler --version	full	Prefer upstream container or isolated Python install
pacu	Pacu	cloud	pipx	pacu	pacu	https://rhinosecuritylabs.com/aws/pacu	https://github.com/RhinoSecurityLabs/pacu	BSD-3-Clause	false	false	false	false	pipx	pacu --help	full	No credential setup during install
cloud-enum	cloud_enum	cloud	manual	cloud-enum	cloud_enum	https://github.com/initstring/cloud_enum	https://github.com/initstring/cloud_enum	MIT	false	false	false	false	manual	cloud_enum --help	full	Pinned source script; upstream is not pipx-installable
cloudfox	CloudFox	cloud	go	cloudfox	cloudfox	https://github.com/BishopFox/cloudfox	https://github.com/BishopFox/cloudfox	MIT	false	false	false	false	go	cloudfox --help	full	Credentials remain operator-managed
podman	Podman	containers	apt	podman	podman	https://podman.io	https://github.com/containers/podman	Apache-2.0	false	optional	false	false	apt	podman --version	full	Supports rootless use
skopeo	Skopeo	containers	apt	skopeo	skopeo	https://github.com/containers/skopeo	https://github.com/containers/skopeo	Apache-2.0	false	false	false	false	apt	skopeo --version	full	-
dive	Dive	containers	manual	dive	dive	https://github.com/wagoodman/dive	https://github.com/wagoodman/dive	MIT	false	false	false	false	manual	dive --version	full	Verified release required
docker	Docker Engine	containers	apt	docker.io	docker	https://www.docker.com	https://github.com/moby/moby	Apache-2.0	true	true	false	false	apt	docker --version	standard	Docker group membership is root-equivalent and opt-in
docker-compose	Docker Compose	containers	apt	docker-compose	docker-compose	https://docs.docker.com/compose	https://github.com/docker/compose	Apache-2.0	true	optional	false	false	apt	docker compose version	standard	Debian 13 package provides Compose v2
aircrack-ng	Aircrack-ng	wireless	apt	aircrack-ng	aircrack-ng	https://www.aircrack-ng.org	https://github.com/aircrack-ng/aircrack-ng	GPL-2.0+	true	false	false	false	apt	aircrack-ng --help	optional	Wireless category opt-in; no monitor mode changes
reaver	Reaver	wireless	apt	reaver	reaver	https://github.com/t6x/reaver-wps-fork-t6x	https://github.com/t6x/reaver-wps-fork-t6x	GPL-2.0	true	false	false	false	apt	reaver -h	optional	Compatible hardware required
bully	Bully	wireless	apt	bully	bully	https://github.com/aanarchyy/bully	https://github.com/aanarchyy/bully	GPL-3.0	true	false	false	false	apt	bully -h	optional	Compatible hardware required
hcxtools	hcxtools	wireless	apt	hcxtools	hcxpcapngtool	https://github.com/ZerBea/hcxtools	https://github.com/ZerBea/hcxtools	MIT	false	false	false	false	apt	hcxpcapngtool --version	optional	-
iw	iw	wireless	apt	iw	iw	https://wireless.wiki.kernel.org/en/users/documentation/iw	https://git.kernel.org/pub/scm/linux/kernel/git/jberg/iw.git	ISC	true	false	false	false	apt	iw --version	optional	NetworkManager is not modified
wireless-tools	Wireless Tools	wireless	apt	wireless-tools	iwconfig	https://hewlettpackard.github.io/wireless-tools	https://hewlettpackard.github.io/wireless-tools	GPL-2.0	true	false	false	false	apt	iwconfig --version	optional	Legacy but useful for some adapters
rfkill	rfkill	wireless	apt	rfkill	rfkill	https://www.kernel.org/pub/linux/utils/util-linux	https://github.com/util-linux/util-linux	GPL-2.0	true	false	false	false	apt	rfkill --version	optional	No radio state is changed during install
hostapd	hostapd	wireless	apt	hostapd	hostapd	https://w1.fi/hostapd	https://w1.fi/cgit/hostap.git	BSD-3-Clause	true	optional	false	false	apt	hostapd -v	optional	Service is not enabled or started
wpasupplicant	wpa_supplicant	wireless	apt	wpasupplicant	wpa_supplicant	https://w1.fi/wpa_supplicant	https://w1.fi/cgit/hostap.git	BSD-3-Clause	true	optional	false	false	apt	wpa_supplicant -v	optional	Existing networking is not reconfigured
kismet	Kismet	wireless	manual	kismet	kismet	https://www.kismetwireless.net	https://github.com/kismetwireless/kismet	GPL-2.0+	true	optional	false	true	manual	kismet --version	optional	Not packaged in Trixie; vendor repository is not added automatically
theharvester	theHarvester	osint	pipx	theharvester	theHarvester	https://github.com/laramies/theHarvester	https://github.com/laramies/theHarvester	GPL-2.0	false	false	false	false	pipx	theHarvester --help	standard	API keys remain user-managed
spiderfoot	SpiderFoot	osint	docker	spiderfoot	spiderfoot	https://www.spiderfoot.net	https://github.com/smicallef/spiderfoot	MIT	true	true	true	true	docker-compose	manual	optional	Optional localhost-only stack
recon-ng	Recon-ng	osint	manual	recon-ng	recon-ng	https://github.com/lanmaster53/recon-ng	https://github.com/lanmaster53/recon-ng	GPL-3.0	false	false	false	false	manual	recon-ng --help	full	Pinned source script; upstream is not pipx-installable
sherlock-project	Sherlock	osint	pipx	sherlock-project	sherlock	https://sherlock-project.github.io	https://github.com/sherlock-project/sherlock	MIT	false	false	false	false	pipx	sherlock --version	standard	-
maigret	Maigret	osint	pipx	maigret	maigret	https://github.com/soxoj/maigret	https://github.com/soxoj/maigret	MIT	false	false	false	false	pipx	maigret --version	full	-
holehe	holehe	osint	pipx	holehe	holehe	https://github.com/megadose/holehe	https://github.com/megadose/holehe	GPL-3.0	false	false	false	false	pipx	holehe --help	full	-
photon	Photon	osint	manual	photon	photon.py	https://github.com/s0md3v/Photon	https://github.com/s0md3v/Photon	GPL-3.0	false	false	false	false	manual	manual	full	Source-only; review dependencies
seclists	SecLists	wordlists	manual	SecLists	seclists	https://www.kali.org/tools/seclists	https://github.com/danielmiessler/SecLists	MIT	true	false	false	false	git	test -d /usr/share/wordlists/seclists	standard	Optional controlled shallow clone; large download
rockyou	rockyou.txt	wordlists	manual	rockyou	rockyou.txt	https://packages.debian.org/trixie/wordlists	-	Various	true	false	false	false	apt	test -f /usr/share/wordlists/rockyou.txt	full	Never downloaded from unofficial mirrors
payloadsallthethings	PayloadsAllTheThings	wordlists	manual	PayloadsAllTheThings	payloadsallthethings	https://swisskyrepo.github.io/PayloadsAllTheThings	https://github.com/swisskyrepo/PayloadsAllTheThings	MIT	true	false	false	false	git	test -d /usr/share/wordlists/payloadsallthethings	standard	Optional controlled shallow clone
fuzzdb	fuzzdb	wordlists	manual	fuzzdb	fuzzdb	https://github.com/fuzzdb-project/fuzzdb	https://github.com/fuzzdb-project/fuzzdb	GPL-2.0	true	false	false	false	git	manual	optional	Large optional repository; maintenance is intermittent
xfce	XFCE Desktop	desktop	apt	xfce4	xfce4-session	https://xfce.org	https://gitlab.xfce.org/xfce	GPL-2.0+	true	false	false	true	apt	xfce4-session --version	optional	Installed only with --desktop xfce
gnome	GNOME Desktop	desktop	apt	gnome-core	gnome-shell	https://www.gnome.org	https://gitlab.gnome.org/GNOME	GPL-2.0+	true	false	false	true	apt	gnome-shell --version	optional	Installed only with --desktop gnome
kde	KDE Plasma	desktop	apt	kde-plasma-desktop	plasmashell	https://kde.org/plasma-desktop	https://invent.kde.org/plasma	GPL-2.0+	true	false	false	true	apt	plasmashell --version	optional	Installed only with --desktop kde
